﻿<Customer NoDuClient='50'>
                                    <NomDuCompte>abcFieldValue</NomDuCompte>
                                    <Telephone>FieldValue</Telephone>
                                    <Adresse1>FieldValue</Adresse1>
                                    <Adresse2>FieldValue</Adresse2>
                                    <Ville>FieldValue</Ville>
                                    <Province>FieldValue</Province>
                                    <Pays>FieldValue</Pays>
                                    <CodePostal>FieldValue</CodePostal>
                                    <DateDeEssai>10/10/2013</DateDeEssai>
                                    <NombreDeLogin>1</NombreDeLogin>
                                    <ImportationCompletee>true</ImportationCompletee>
                                    <DateImportation>10/10/2013</DateImportation>
                                    <GabaritCree>true</GabaritCree>
                                    <DateGabarit>10/10/2013</DateGabarit>
                                    <EnvoiComplete>true</EnvoiComplete>
                                    <DateEnvoi>10/10/2013</DateEnvoi>
                                    <DateActivation>10/10/2013</DateActivation>
                                    <Forfait>100000002</Forfait>
                                    <OSBL>true</OSBL>
                                    <Premium>true</Premium>
                                    <Actif>true</Actif>
                                    <EnvoiPermis>true</EnvoiPermis>
                                    <Revendeur>true</Revendeur>
                                    <NoDeRevendeur>FieldValue</NoDeRevendeur>
                                    <RevenuForfait>1445.99</RevenuForfait>
                                    <RevenuExtra>1567.76</RevenuExtra>
                                    <CourrielFrom>FieldValue</CourrielFrom>
                                    <ExpirationDemo>10/10/2013</ExpirationDemo>
                                    <BDSupprimee>true</BDSupprimee>
                                    <AccesAPI>true</AccesAPI>
                                    <AccesAPISansOptIn>true</AccesAPISansOptIn>
                                    <EntrepriseFacturation>FieldValue</EntrepriseFacturation>
                                    <MéthodeDePaiement>100000002</MéthodeDePaiement>
                                </Customer>