<ImportExportXml xmlns:xsi="http://www.w3.org/2001/XMLSchema-instance">
  <Entities></Entities>
  <Roles></Roles>
  <Workflows></Workflows>
  <FieldSecurityProfiles></FieldSecurityProfiles>
  <Templates />
  <EntityMaps />
  <EntityRelationships />
  <OrganizationSettings />
  <optionsets />
  <SolutionPluginAssemblies>
    <PluginAssembly FullName="CyberImpact.Plugin, Version=1.0.0.0, Culture=neutral, PublicKeyToken=7b0e906e9fb892f9" CustomizationLevel="1">
      <IsolationMode>2</IsolationMode>
      <SourceType>0</SourceType>
      <FileName>/PluginAssemblies/CyberImpactPlugin-D60CB246-FA06-4490-8444-F15384317FBD/CyberImpactPlugin.dll</FileName>
      <PluginTypes>
        <PluginType AssemblyQualifiedName="CyberImpact.Plugin.Account.History, CyberImpact.Plugin, Version=1.0.0.0, Culture=neutral, PublicKeyToken=7b0e906e9fb892f9" Name="CyberImpact.Plugin.Account.History">
          <FriendlyName>da233e51-ef2c-44b4-b296-cd51b96a54f4</FriendlyName>
        </PluginType>
        <PluginType AssemblyQualifiedName="CyberImpact.Plugin.Account.Validations, CyberImpact.Plugin, Version=1.0.0.0, Culture=neutral, PublicKeyToken=7b0e906e9fb892f9" Name="CyberImpact.Plugin.Account.Validations">
          <FriendlyName>b717171b-d37e-4b1b-bdef-009abddabc90</FriendlyName>
        </PluginType>
        <PluginType AssemblyQualifiedName="CyberImpact.Plugin.Entity.Setname, CyberImpact.Plugin, Version=1.0.0.0, Culture=neutral, PublicKeyToken=7b0e906e9fb892f9" Name="CyberImpact.Plugin.Entity.Setname">
          <FriendlyName>0a67ab37-c6b2-491e-a526-f29f5d82506e</FriendlyName>
        </PluginType>
      </PluginTypes>
    </PluginAssembly>
  </SolutionPluginAssemblies>
  <SdkMessageProcessingSteps>
    <SdkMessageProcessingStep Name="CyberImpact.Plugin.Account.History: Create of account" SdkMessageProcessingStepId="{3c109681-272f-e311-ac75-000c294ba923}">
      <PluginTypeName>CyberImpact.Plugin.Account.History, CyberImpact.Plugin, Version=1.0.0.0, Culture=neutral, PublicKeyToken=7b0e906e9fb892f9</PluginTypeName>
      <PrimaryEntity>account</PrimaryEntity>
      <AsyncAutoDelete>0</AsyncAutoDelete>
      <InvocationSource>1</InvocationSource>
      <Mode>0</Mode>
      <Rank>1</Rank>
      <SdkMessageId>{9ebdbb1b-ea3e-db11-86a7-000a3a5473e8}</SdkMessageId>
      <EventHandlerTypeCode>4602</EventHandlerTypeCode>
      <Stage>40</Stage>
      <IsCustomizable>1</IsCustomizable>
      <IsHidden>0</IsHidden>
      <SupportedDeployment>0</SupportedDeployment>
      <SdkMessageProcessingStepImages />
    </SdkMessageProcessingStep>
    <SdkMessageProcessingStep Name="CyberImpact.Plugin.Account.History: Update of account" SdkMessageProcessingStepId="{3e109681-272f-e311-ac75-000c294ba923}">
      <PluginTypeName>CyberImpact.Plugin.Account.History, CyberImpact.Plugin, Version=1.0.0.0, Culture=neutral, PublicKeyToken=7b0e906e9fb892f9</PluginTypeName>
      <PrimaryEntity>account</PrimaryEntity>
      <AsyncAutoDelete>0</AsyncAutoDelete>
      <FilteringAttributes>new_comptepremium,new_forfait,new_osbl,new_revenuextra,new_revenuforfait</FilteringAttributes>
      <InvocationSource>1</InvocationSource>
      <Mode>0</Mode>
      <Rank>1</Rank>
      <SdkMessageId>{20bebb1b-ea3e-db11-86a7-000a3a5473e8}</SdkMessageId>
      <EventHandlerTypeCode>4602</EventHandlerTypeCode>
      <Stage>40</Stage>
      <IsCustomizable>1</IsCustomizable>
      <IsHidden>0</IsHidden>
      <SupportedDeployment>0</SupportedDeployment>
      <SdkMessageProcessingStepImages>
        <SdkMessageProcessingStepImage Name="PostImage">
          <SdkMessageProcessingStepImageId>{57feccb1-272f-e311-ac75-000c294ba923}</SdkMessageProcessingStepImageId>
          <Attributes>new_comptepremium,new_forfait,new_osbl,new_revenuextra,new_revenuforfait</Attributes>
          <EntityAlias>PostImage</EntityAlias>
          <ImageType>1</ImageType>
          <MessagePropertyName>Target</MessagePropertyName>
          <IsCustomizable>1</IsCustomizable>
        </SdkMessageProcessingStepImage>
      </SdkMessageProcessingStepImages>
    </SdkMessageProcessingStep>
    <SdkMessageProcessingStep Name="CyberImpact.Plugin.Account.Validations: Create of account" SdkMessageProcessingStepId="{a981c98c-272f-e311-ac75-000c294ba923}">
      <PluginTypeName>CyberImpact.Plugin.Account.Validations, CyberImpact.Plugin, Version=1.0.0.0, Culture=neutral, PublicKeyToken=7b0e906e9fb892f9</PluginTypeName>
      <PrimaryEntity>account</PrimaryEntity>
      <AsyncAutoDelete>0</AsyncAutoDelete>
      <InvocationSource>0</InvocationSource>
      <Mode>0</Mode>
      <Rank>1</Rank>
      <SdkMessageId>{9ebdbb1b-ea3e-db11-86a7-000a3a5473e8}</SdkMessageId>
      <EventHandlerTypeCode>4602</EventHandlerTypeCode>
      <Stage>10</Stage>
      <IsCustomizable>1</IsCustomizable>
      <IsHidden>0</IsHidden>
      <SupportedDeployment>0</SupportedDeployment>
      <SdkMessageProcessingStepImages />
    </SdkMessageProcessingStep>
    <SdkMessageProcessingStep Name="CyberImpact.Plugin.Account.Validations: Update of account" SdkMessageProcessingStepId="{ab81c98c-272f-e311-ac75-000c294ba923}">
      <PluginTypeName>CyberImpact.Plugin.Account.Validations, CyberImpact.Plugin, Version=1.0.0.0, Culture=neutral, PublicKeyToken=7b0e906e9fb892f9</PluginTypeName>
      <PrimaryEntity>account</PrimaryEntity>
      <AsyncAutoDelete>0</AsyncAutoDelete>
      <FilteringAttributes>new_actif,new_dateconversioncomptepayant,new_datedechangementdeforfait,new_envoicomplete,new_gabaritcree,new_importationcompletee,new_supprime</FilteringAttributes>
      <InvocationSource>0</InvocationSource>
      <Mode>0</Mode>
      <Rank>1</Rank>
      <SdkMessageId>{20bebb1b-ea3e-db11-86a7-000a3a5473e8}</SdkMessageId>
      <EventHandlerTypeCode>4602</EventHandlerTypeCode>
      <Stage>10</Stage>
      <IsCustomizable>1</IsCustomizable>
      <IsHidden>0</IsHidden>
      <SupportedDeployment>0</SupportedDeployment>
      <SdkMessageProcessingStepImages>
        <SdkMessageProcessingStepImage Name="PreImage">
          <SdkMessageProcessingStepImageId>{20483bbc-272f-e311-ac75-000c294ba923}</SdkMessageProcessingStepImageId>
          <EntityAlias>PreImage</EntityAlias>
          <ImageType>0</ImageType>
          <MessagePropertyName>Target</MessagePropertyName>
          <IsCustomizable>1</IsCustomizable>
        </SdkMessageProcessingStepImage>
      </SdkMessageProcessingStepImages>
    </SdkMessageProcessingStep>
    <SdkMessageProcessingStep Name="CyberImpact.Plugin.Entity.Setname: Create of new_forfaithistorique" SdkMessageProcessingStepId="{e75529da-262f-e311-ac75-000c294ba923}">
      <PluginTypeName>CyberImpact.Plugin.Entity.Setname, CyberImpact.Plugin, Version=1.0.0.0, Culture=neutral, PublicKeyToken=7b0e906e9fb892f9</PluginTypeName>
      <PrimaryEntity>new_forfaithistorique</PrimaryEntity>
      <AsyncAutoDelete>0</AsyncAutoDelete>
      <InvocationSource>0</InvocationSource>
      <Mode>0</Mode>
      <Rank>1</Rank>
      <SdkMessageId>{9ebdbb1b-ea3e-db11-86a7-000a3a5473e8}</SdkMessageId>
      <EventHandlerTypeCode>4602</EventHandlerTypeCode>
      <Stage>10</Stage>
      <IsCustomizable>1</IsCustomizable>
      <IsHidden>0</IsHidden>
      <SupportedDeployment>0</SupportedDeployment>
      <SdkMessageProcessingStepImages />
    </SdkMessageProcessingStep>
    <SdkMessageProcessingStep Name="CyberImpact.Plugin.Entity.Setname: Create of new_revenuhistorique" SdkMessageProcessingStepId="{345e98e1-262f-e311-ac75-000c294ba923}">
      <PluginTypeName>CyberImpact.Plugin.Entity.Setname, CyberImpact.Plugin, Version=1.0.0.0, Culture=neutral, PublicKeyToken=7b0e906e9fb892f9</PluginTypeName>
      <PrimaryEntity>new_revenuhistorique</PrimaryEntity>
      <AsyncAutoDelete>0</AsyncAutoDelete>
      <InvocationSource>0</InvocationSource>
      <Mode>0</Mode>
      <Rank>1</Rank>
      <SdkMessageId>{9ebdbb1b-ea3e-db11-86a7-000a3a5473e8}</SdkMessageId>
      <EventHandlerTypeCode>4602</EventHandlerTypeCode>
      <Stage>10</Stage>
      <IsCustomizable>1</IsCustomizable>
      <IsHidden>0</IsHidden>
      <SupportedDeployment>0</SupportedDeployment>
      <SdkMessageProcessingStepImages />
    </SdkMessageProcessingStep>
    <SdkMessageProcessingStep Name="CyberImpact.Plugin.Entity.Setname: Update of new_forfaithistorique" SdkMessageProcessingStepId="{365e98e1-262f-e311-ac75-000c294ba923}">
      <PluginTypeName>CyberImpact.Plugin.Entity.Setname, CyberImpact.Plugin, Version=1.0.0.0, Culture=neutral, PublicKeyToken=7b0e906e9fb892f9</PluginTypeName>
      <PrimaryEntity>new_forfaithistorique</PrimaryEntity>
      <AsyncAutoDelete>0</AsyncAutoDelete>
      <InvocationSource>0</InvocationSource>
      <Mode>0</Mode>
      <Rank>1</Rank>
      <SdkMessageId>{20bebb1b-ea3e-db11-86a7-000a3a5473e8}</SdkMessageId>
      <EventHandlerTypeCode>4602</EventHandlerTypeCode>
      <Stage>10</Stage>
      <IsCustomizable>1</IsCustomizable>
      <IsHidden>0</IsHidden>
      <SupportedDeployment>0</SupportedDeployment>
      <SdkMessageProcessingStepImages>
        <SdkMessageProcessingStepImage Name="PreImage">
          <SdkMessageProcessingStepImageId>{d50ef127-272f-e311-ac75-000c294ba923}</SdkMessageProcessingStepImageId>
          <Attributes>new_compte,new_dateactivation</Attributes>
          <EntityAlias>PreImage</EntityAlias>
          <ImageType>0</ImageType>
          <MessagePropertyName>Target</MessagePropertyName>
          <IsCustomizable>1</IsCustomizable>
        </SdkMessageProcessingStepImage>
      </SdkMessageProcessingStepImages>
    </SdkMessageProcessingStep>
    <SdkMessageProcessingStep Name="CyberImpact.Plugin.Entity.Setname: Update of new_revenuhistorique" SdkMessageProcessingStepId="{156e16f5-262f-e311-ac75-000c294ba923}">
      <PluginTypeName>CyberImpact.Plugin.Entity.Setname, CyberImpact.Plugin, Version=1.0.0.0, Culture=neutral, PublicKeyToken=7b0e906e9fb892f9</PluginTypeName>
      <PrimaryEntity>new_revenuhistorique</PrimaryEntity>
      <AsyncAutoDelete>0</AsyncAutoDelete>
      <InvocationSource>0</InvocationSource>
      <Mode>0</Mode>
      <Rank>1</Rank>
      <SdkMessageId>{20bebb1b-ea3e-db11-86a7-000a3a5473e8}</SdkMessageId>
      <EventHandlerTypeCode>4602</EventHandlerTypeCode>
      <Stage>10</Stage>
      <IsCustomizable>1</IsCustomizable>
      <IsHidden>0</IsHidden>
      <SupportedDeployment>0</SupportedDeployment>
      <SdkMessageProcessingStepImages>
        <SdkMessageProcessingStepImage Name="PreImage">
          <SdkMessageProcessingStepImageId>{2c42eb2f-272f-e311-ac75-000c294ba923}</SdkMessageProcessingStepImageId>
          <Attributes>new_compte,new_datedurevenu</Attributes>
          <EntityAlias>PreImage</EntityAlias>
          <ImageType>0</ImageType>
          <MessagePropertyName>Target</MessagePropertyName>
          <IsCustomizable>1</IsCustomizable>
        </SdkMessageProcessingStepImage>
      </SdkMessageProcessingStepImages>
    </SdkMessageProcessingStep>
  </SdkMessageProcessingSteps>
  <Languages>
    <Language>1033</Language>
  </Languages>
</ImportExportXml>