<ImportExportXml version="5.0.9690.3557" minimumversion="5.0" languagecode="1033" generatedBy="OnPremise" xmlns:xsi="http://www.w3.org/2001/XMLSchema-instance">
  <SolutionManifest>
    <UniqueName>CyberImpactPlugins</UniqueName>
    <LocalizedNames>
      <LocalizedName description="CyberImpact Plugins" languagecode="1033" />
    </LocalizedNames>
    <Descriptions />
    <Version>1.0.0.0</Version>
    <Managed>0</Managed>
    <Publisher>
      <UniqueName>DefaultPublisherCyberImpactFR</UniqueName>
      <LocalizedNames>
        <LocalizedName description="Default Publisher for CyberImpactFR" languagecode="1033" />
      </LocalizedNames>
      <Descriptions>
        <Description description="Default publisher for this organization" languagecode="1033" />
      </Descriptions>
      <EMailAddress xsi:nil="true"></EMailAddress>
      <SupportingWebsiteUrl xsi:nil="true"></SupportingWebsiteUrl>
      <CustomizationPrefix>new</CustomizationPrefix>
      <CustomizationOptionValuePrefix>10000</CustomizationOptionValuePrefix>
      <Addresses>
        <Address>
          <AddressNumber>1</AddressNumber>
          <AddressTypeCode xsi:nil="true"></AddressTypeCode>
          <City xsi:nil="true"></City>
          <County xsi:nil="true"></County>
          <Country xsi:nil="true"></Country>
          <Fax xsi:nil="true"></Fax>
          <FreightTermsCode xsi:nil="true"></FreightTermsCode>
          <ImportSequenceNumber xsi:nil="true"></ImportSequenceNumber>
          <Latitude xsi:nil="true"></Latitude>
          <Line1 xsi:nil="true"></Line1>
          <Line2 xsi:nil="true"></Line2>
          <Line3 xsi:nil="true"></Line3>
          <Longitude xsi:nil="true"></Longitude>
          <Name xsi:nil="true"></Name>
          <PostalCode xsi:nil="true"></PostalCode>
          <PostOfficeBox xsi:nil="true"></PostOfficeBox>
          <PrimaryContactName xsi:nil="true"></PrimaryContactName>
          <ShippingMethodCode xsi:nil="true"></ShippingMethodCode>
          <StateOrProvince xsi:nil="true"></StateOrProvince>
          <Telephone1 xsi:nil="true"></Telephone1>
          <Telephone2 xsi:nil="true"></Telephone2>
          <Telephone3 xsi:nil="true"></Telephone3>
          <TimeZoneRuleVersionNumber xsi:nil="true"></TimeZoneRuleVersionNumber>
          <UPSZone xsi:nil="true"></UPSZone>
          <UTCOffset xsi:nil="true"></UTCOffset>
          <UTCConversionTimeZoneCode xsi:nil="true"></UTCConversionTimeZoneCode>
        </Address>
        <Address>
          <AddressNumber>2</AddressNumber>
          <AddressTypeCode xsi:nil="true"></AddressTypeCode>
          <City xsi:nil="true"></City>
          <County xsi:nil="true"></County>
          <Country xsi:nil="true"></Country>
          <Fax xsi:nil="true"></Fax>
          <FreightTermsCode xsi:nil="true"></FreightTermsCode>
          <ImportSequenceNumber xsi:nil="true"></ImportSequenceNumber>
          <Latitude xsi:nil="true"></Latitude>
          <Line1 xsi:nil="true"></Line1>
          <Line2 xsi:nil="true"></Line2>
          <Line3 xsi:nil="true"></Line3>
          <Longitude xsi:nil="true"></Longitude>
          <Name xsi:nil="true"></Name>
          <PostalCode xsi:nil="true"></PostalCode>
          <PostOfficeBox xsi:nil="true"></PostOfficeBox>
          <PrimaryContactName xsi:nil="true"></PrimaryContactName>
          <ShippingMethodCode xsi:nil="true"></ShippingMethodCode>
          <StateOrProvince xsi:nil="true"></StateOrProvince>
          <Telephone1 xsi:nil="true"></Telephone1>
          <Telephone2 xsi:nil="true"></Telephone2>
          <Telephone3 xsi:nil="true"></Telephone3>
          <TimeZoneRuleVersionNumber xsi:nil="true"></TimeZoneRuleVersionNumber>
          <UPSZone xsi:nil="true"></UPSZone>
          <UTCOffset xsi:nil="true"></UTCOffset>
          <UTCConversionTimeZoneCode xsi:nil="true"></UTCConversionTimeZoneCode>
        </Address>
      </Addresses>
    </Publisher>
    <RootComponents>
      <RootComponent type="91" schemaName="CyberImpact.Plugin, Version=1.0.0.0, Culture=neutral, PublicKeyToken=7b0e906e9fb892f9" />
      <RootComponent type="92" id="{156e16f5-262f-e311-ac75-000c294ba923}" />
      <RootComponent type="92" id="{345e98e1-262f-e311-ac75-000c294ba923}" />
      <RootComponent type="92" id="{365e98e1-262f-e311-ac75-000c294ba923}" />
      <RootComponent type="92" id="{3c109681-272f-e311-ac75-000c294ba923}" />
      <RootComponent type="92" id="{3e109681-272f-e311-ac75-000c294ba923}" />
      <RootComponent type="92" id="{a981c98c-272f-e311-ac75-000c294ba923}" />
      <RootComponent type="92" id="{ab81c98c-272f-e311-ac75-000c294ba923}" />
      <RootComponent type="92" id="{e75529da-262f-e311-ac75-000c294ba923}" />
    </RootComponents>
    <MissingDependencies>
      <MissingDependency>
        <Required key="0" type="1" schemaName="new_revenuhistorique" displayName="Revenu Historique" solution="Active" />
        <Dependent key="1" type="93" id="{2c42eb2f-272f-e311-ac75-000c294ba923}" />
      </MissingDependency>
      <MissingDependency>
        <Required key="2" type="1" schemaName="new_forfaithistorique" displayName="Forfait Historique" solution="Active" />
        <Dependent key="3" type="93" id="{d50ef127-272f-e311-ac75-000c294ba923}" />
      </MissingDependency>
      <MissingDependency>
        <Required key="4" type="2" schemaName="new_dateactivation" displayName="Date d'activation" parentSchemaName="new_forfaithistorique" parentDisplayName="Forfait Historique" solution="Active" />
        <Dependent key="3" type="93" id="{d50ef127-272f-e311-ac75-000c294ba923}" />
      </MissingDependency>
      <MissingDependency>
        <Required key="5" type="2" schemaName="new_datedurevenu" displayName="Date du Revenu" parentSchemaName="new_revenuhistorique" parentDisplayName="Revenu Historique" solution="Active" />
        <Dependent key="1" type="93" id="{2c42eb2f-272f-e311-ac75-000c294ba923}" />
      </MissingDependency>
      <MissingDependency>
        <Required key="6" type="2" schemaName="new_compte" displayName="Compte" parentSchemaName="new_revenuhistorique" parentDisplayName="Revenu Historique" solution="Active" />
        <Dependent key="1" type="93" id="{2c42eb2f-272f-e311-ac75-000c294ba923}" />
      </MissingDependency>
      <MissingDependency>
        <Required key="7" type="2" schemaName="new_compte" displayName="Compte" parentSchemaName="new_forfaithistorique" parentDisplayName="Forfait Historique" solution="Active" />
        <Dependent key="3" type="93" id="{d50ef127-272f-e311-ac75-000c294ba923}" />
      </MissingDependency>
      <MissingDependency>
        <Required key="8" type="2" schemaName="new_revenuextra" displayName="Revenu Extra" parentSchemaName="account" parentDisplayName="Account" solution="Active" />
        <Dependent key="9" type="93" id="{57feccb1-272f-e311-ac75-000c294ba923}" />
      </MissingDependency>
      <MissingDependency>
        <Required key="10" type="2" schemaName="new_forfait" displayName="Forfait" parentSchemaName="account" parentDisplayName="Account" solution="Active" />
        <Dependent key="9" type="93" id="{57feccb1-272f-e311-ac75-000c294ba923}" />
      </MissingDependency>
      <MissingDependency>
        <Required key="11" type="2" schemaName="new_comptepremium" displayName="Compte premium" parentSchemaName="account" parentDisplayName="Account" solution="Active" />
        <Dependent key="9" type="93" id="{57feccb1-272f-e311-ac75-000c294ba923}" />
      </MissingDependency>
      <MissingDependency>
        <Required key="12" type="2" schemaName="new_osbl" displayName="OSBL" parentSchemaName="account" parentDisplayName="Account" solution="Active" />
        <Dependent key="9" type="93" id="{57feccb1-272f-e311-ac75-000c294ba923}" />
      </MissingDependency>
      <MissingDependency>
        <Required key="13" type="2" schemaName="new_revenuforfait" displayName="Revenu Forfait" parentSchemaName="account" parentDisplayName="Account" solution="Active" />
        <Dependent key="9" type="93" id="{57feccb1-272f-e311-ac75-000c294ba923}" />
      </MissingDependency>
      <MissingDependency>
        <Required key="0" type="1" schemaName="new_revenuhistorique" displayName="Revenu Historique" solution="Active" />
        <Dependent key="14" type="92" id="{156e16f5-262f-e311-ac75-000c294ba923}" />
      </MissingDependency>
      <MissingDependency>
        <Required key="2" type="1" schemaName="new_forfaithistorique" displayName="Forfait Historique" solution="Active" />
        <Dependent key="15" type="92" id="{e75529da-262f-e311-ac75-000c294ba923}" />
      </MissingDependency>
      <MissingDependency>
        <Required key="0" type="1" schemaName="new_revenuhistorique" displayName="Revenu Historique" solution="Active" />
        <Dependent key="16" type="92" id="{345e98e1-262f-e311-ac75-000c294ba923}" />
      </MissingDependency>
      <MissingDependency>
        <Required key="2" type="1" schemaName="new_forfaithistorique" displayName="Forfait Historique" solution="Active" />
        <Dependent key="17" type="92" id="{365e98e1-262f-e311-ac75-000c294ba923}" />
      </MissingDependency>
      <MissingDependency>
        <Required key="13" type="2" schemaName="new_revenuforfait" displayName="Revenu Forfait" parentSchemaName="account" parentDisplayName="Account" solution="Active" />
        <Dependent key="18" type="92" id="{3e109681-272f-e311-ac75-000c294ba923}" />
      </MissingDependency>
      <MissingDependency>
        <Required key="8" type="2" schemaName="new_revenuextra" displayName="Revenu Extra" parentSchemaName="account" parentDisplayName="Account" solution="Active" />
        <Dependent key="18" type="92" id="{3e109681-272f-e311-ac75-000c294ba923}" />
      </MissingDependency>
      <MissingDependency>
        <Required key="11" type="2" schemaName="new_comptepremium" displayName="Compte premium" parentSchemaName="account" parentDisplayName="Account" solution="Active" />
        <Dependent key="18" type="92" id="{3e109681-272f-e311-ac75-000c294ba923}" />
      </MissingDependency>
      <MissingDependency>
        <Required key="12" type="2" schemaName="new_osbl" displayName="OSBL" parentSchemaName="account" parentDisplayName="Account" solution="Active" />
        <Dependent key="18" type="92" id="{3e109681-272f-e311-ac75-000c294ba923}" />
      </MissingDependency>
      <MissingDependency>
        <Required key="10" type="2" schemaName="new_forfait" displayName="Forfait" parentSchemaName="account" parentDisplayName="Account" solution="Active" />
        <Dependent key="18" type="92" id="{3e109681-272f-e311-ac75-000c294ba923}" />
      </MissingDependency>
      <MissingDependency>
        <Required key="19" type="2" schemaName="new_supprime" displayName="BD supprimée" parentSchemaName="account" parentDisplayName="Account" solution="Active" />
        <Dependent key="20" type="92" id="{ab81c98c-272f-e311-ac75-000c294ba923}" />
      </MissingDependency>
      <MissingDependency>
        <Required key="21" type="2" schemaName="new_actif" displayName="Actif" parentSchemaName="account" parentDisplayName="Account" solution="Active" />
        <Dependent key="20" type="92" id="{ab81c98c-272f-e311-ac75-000c294ba923}" />
      </MissingDependency>
      <MissingDependency>
        <Required key="22" type="2" schemaName="new_gabaritcree" displayName="Gabarit Crée" parentSchemaName="account" parentDisplayName="Account" solution="Active" />
        <Dependent key="20" type="92" id="{ab81c98c-272f-e311-ac75-000c294ba923}" />
      </MissingDependency>
      <MissingDependency>
        <Required key="23" type="2" schemaName="new_datedechangementdeforfait" displayName="Date de changement de forfait" parentSchemaName="account" parentDisplayName="Account" solution="Active" />
        <Dependent key="20" type="92" id="{ab81c98c-272f-e311-ac75-000c294ba923}" />
      </MissingDependency>
      <MissingDependency>
        <Required key="24" type="2" schemaName="new_importationcompletee" displayName="Importation completee" parentSchemaName="account" parentDisplayName="Account" solution="Active" />
        <Dependent key="20" type="92" id="{ab81c98c-272f-e311-ac75-000c294ba923}" />
      </MissingDependency>
      <MissingDependency>
        <Required key="25" type="2" schemaName="new_dateconversioncomptepayant" displayName="Date conversion compte payant" parentSchemaName="account" parentDisplayName="Account" solution="Active" />
        <Dependent key="20" type="92" id="{ab81c98c-272f-e311-ac75-000c294ba923}" />
      </MissingDependency>
      <MissingDependency>
        <Required key="26" type="2" schemaName="new_envoicomplete" displayName="Envoi Complété" parentSchemaName="account" parentDisplayName="Account" solution="Active" />
        <Dependent key="20" type="92" id="{ab81c98c-272f-e311-ac75-000c294ba923}" />
      </MissingDependency>
    </MissingDependencies>
  </SolutionManifest>
</ImportExportXml>