﻿<?xml version="1.0" encoding="utf-8"?>
<publishData>
  <publishProfile publishUrl="C:\Users\USER\Documents\GitHub\Elance\CyberImpact\Webservice template\Published" deleteExistingFiles="True" ftpAnonymousLogin="False" ftpPassiveMode="True" msdeploySite="" msdeploySiteID="" msdeployRemoteSitePhysicalPath="" msdeployAllowUntrustedCertificate="False" msdeploySkipExtraFilesOnServer="True" msdeployMarkAsApp="False" profileName="Profile1" publishMethod="FileSystem" replaceMatchingFiles="False" userName="" savePWD="False" userPWD="" SelectedForPublish="True">
    <file relUrl="Web.config" publishTime="10/03/2013 19:41:37" />
    <file relUrl="bin/microsoft.xrm.sdk.dll" publishTime="10/23/2011 18:11:06" />
    <file relUrl="CRMSyncService.asmx" publishTime="10/02/2013 22:11:56" />
    <file relUrl="bin/CyberImpact.Crm.Operations.dll" publishTime="10/03/2013 19:41:37" />
    <file relUrl="bin/CyberImpact.Crm.Operations.pdb" publishTime="10/03/2013 19:41:37" />
    <file relUrl="bin/CyberImpact.Crm.WebServices.pdb" publishTime="10/03/2013 19:41:37" />
    <file relUrl="bin/microsoft.crm.sdk.proxy.dll" publishTime="10/23/2011 18:11:06" />
    <file relUrl="bin/microsoft.crm.sdk.proxy.xml" publishTime="10/23/2011 18:11:06" />
    <file relUrl="bin/microsoft.xrm.sdk.xml" publishTime="10/23/2011 18:11:06" />
    <file relUrl="bin/CyberImpact.Crm.WebServices.dll" publishTime="10/03/2013 19:41:37" />
  </publishProfile>
</publishData>